{
    "agent_start_list": [
        [
            70.13668602645348,
            298.20783365306295
        ],
        [
            166.73725619625318,
            74.45699456818986
        ],
        [
            41.07851548808037,
            228.45400798163786
        ],
        [
            298.0280351978963,
            25.610767390301536
        ],
        [
            323.6963741217185,
            34.196036508197835
        ],
        [
            275.46472174607044,
            317.3667790324486
        ],
        [
            320.35646494486,
            163.2139912360738
        ],
        [
            316.30107407389653,
            228.98006294372226
        ],
        [
            119.58306230628672,
            17.24128418491098
        ],
        [
            173.05966342037547,
            316.2037851621116
        ]
    ],
    "agent_end_list": [
        [
            1.9857600191524738,
            170.25357173121307
        ],
        [
            23.90713564274316,
            321.9504693472121
        ],
        [
            271.74693074686576,
            70.64863609720103
        ],
        [
            168.87905776803944,
            281.518295731368
        ],
        [
            189.50779499622172,
            269.0622666631302
        ],
        [
            321.3315198688069,
            292.6211117192523
        ],
        [
            300.87014486806146,
            316.4461512057614
        ],
        [
            221.18933929803543,
            6.838671855178684
        ],
        [
            326.90870143575387,
            166.36474051401552
        ],
        [
            191.49862357215162,
            4.443759352753877
        ]
    ],
    "obstacle_list": [
        [
            16.12676112919533,
            48.447374355111236,
            45.043484807723644
        ],
        [
            190.11210339203376,
            23.349987372368258,
            45.043484807723644
        ],
        [
            82.58528449735697,
            214.8223699520274,
            45.043484807723644
        ],
        [
            94.58926330512669,
            108.10588011638717,
            45.043484807723644
        ],
        [
            221.88464324715082,
            176.53592079760878,
            45.043484807723644
        ],
        [
            153.03502378759944,
            185.83485546479767,
            45.043484807723644
        ],
        [
            19.282422673590816,
            126.86003959382089,
            45.043484807723644
        ],
        [
            194.35399990584813,
            103.22381094654978,
            45.043484807723644
        ],
        [
            94.98287988119938,
            34.98677316573371,
            45.043484807723644
        ]
    ],
    "UnmannedSystem_list": [
        "unicycle",
        "Mecanum",
        "Quadcopter",
        "patrol_missile",
        "fixed_wing",
        "unicycle",
        "Mecanum",
        "Quadcopter",
        "patrol_missile",
        "fixed_wing",
        "unicycle",
        "Mecanum",
        "Quadcopter",
        "patrol_missile",
        "fixed_wing",
        "unicycle",
        "Mecanum",
        "Quadcopter",
        "patrol_missile",
        "fixed_wing",
        "unicycle",
        "Mecanum",
        "Quadcopter",
        "patrol_missile",
        "fixed_wing",
        "unicycle",
        "Mecanum",
        "Quadcopter",
        "patrol_missile",
        "fixed_wing",
        "unicycle",
        "Mecanum",
        "Quadcopter",
        "patrol_missile",
        "fixed_wing",
        "unicycle",
        "Mecanum",
        "Quadcopter",
        "patrol_missile",
        "fixed_wing",
        "unicycle",
        "Mecanum",
        "Quadcopter",
        "patrol_missile",
        "fixed_wing",
        "unicycle",
        "Mecanum",
        "Quadcopter",
        "patrol_missile",
        "fixed_wing",
        "unicycle",
        "Mecanum",
        "Quadcopter",
        "patrol_missile",
        "fixed_wing",
        "unicycle",
        "Mecanum",
        "Quadcopter",
        "patrol_missile",
        "fixed_wing",
        "unicycle",
        "Mecanum",
        "Quadcopter",
        "patrol_missile",
        "fixed_wing",
        "unicycle",
        "Mecanum",
        "Quadcopter",
        "patrol_missile",
        "fixed_wing",
        "unicycle",
        "Mecanum",
        "Quadcopter",
        "patrol_missile",
        "fixed_wing",
        "unicycle",
        "Mecanum",
        "Quadcopter",
        "patrol_missile",
        "fixed_wing",
        "unicycle",
        "Mecanum",
        "Quadcopter",
        "patrol_missile",
        "fixed_wing",
        "unicycle",
        "Mecanum",
        "Quadcopter",
        "patrol_missile",
        "fixed_wing",
        "unicycle",
        "Mecanum",
        "Quadcopter",
        "patrol_missile",
        "fixed_wing",
        "unicycle",
        "Mecanum",
        "Quadcopter",
        "patrol_missile",
        "fixed_wing",
        "unicycle",
        "Mecanum",
        "Quadcopter",
        "patrol_missile",
        "fixed_wing",
        "unicycle",
        "Mecanum",
        "Quadcopter",
        "patrol_missile",
        "fixed_wing"
    ]
}