{
  "agent_start_list": [
    [
      30.0,
      30.0
    ],
    [
      30.0,
      30.0
    ],
    [
      30.0,
      30.0
    ],
    [
      30.0,
      30.0
    ],
    [
      30.0,
      30.0
    ],
    [
      30.0,
      30.0
    ],
    [
      30.0,
      30.0
    ],
    [
      30.0,
      30.0
    ],
    [
      30.0,
      30.0
    ],
    [
      30.0,
      30.0
    ]
  ],
  "agent_end_list": [
    [
      58.14825675599781,
      280.6453078391224
    ],
    [
      58.14825675599781,
      280.6453078391224
    ],
    [
      58.14825675599781,
      280.6453078391224
    ],
    [
      58.14825675599781,
      280.6453078391224
    ],
    [
      58.14825675599781,
      280.6453078391224
    ],
    [
      58.923950553178386,
      254.72246306641082
    ],
    [
      58.923950553178386,
      254.72246306641082
    ],
    [
      58.923950553178386,
      254.72246306641082
    ],
    [
      58.923950553178386,
      254.72246306641082
    ],
    [
      58.923950553178386,
      254.72246306641082
    ]
  ],
  "obstacle_list": [
    [
      50,
      100,
      30
    ],
    [
      200,
      50,
      30
    ],
    [
      100,
      200,
      30
    ],
    [
      150,
      150,
      30
    ],
    [
      250,
      200,
      30
    ],
    [
      80,
      250,
      30
    ],
    [
      280,
      100,
      30
    ],
    [
      180,
      80,
      30
    ],
    [
      250,
      280,
      30
    ]
  ],
  "UnmannedSystem_list": [
    "unicycle",
    "Mecanum",
    "Quadcopter",
    "patrol_missile",
    "fixed_wing",
    "unicycle",
    "Mecanum",
    "Quadcopter",
    "patrol_missile",
    "fixed_wing"
  ]
}